{"cameraMode":{"drawMode":0,"name":"Shaded","section":"Shading Mode"},"sceneLighting":true,"audioPlay":false,"sceneViewState":{"showFog":true,"showMaterialUpdate":false,"showSkybox":false,"showFlares":true,"showImageEffects":true,"showParticleSystems":true},"in2DMode":false,"pivot":{"x":-0.000300000625429675,"y":-0.050999999046325687,"z":-0.05220000073313713},"rotation":{"x":0.1149158924818039,"y":-0.3476601541042328,"z":0.04297909140586853,"w":0.9295585751533508},"size":0.16773805022239686,"orthographic":true}